問題,
問1 マーケティングオートメーション (MA) に関する記述として 最も適切なものは どれか。 ア 企業内に蓄積された大量のデータを分析して 事業戦略などに有効活用する。 イ 小売業やサービス業において 販売した商品単位の情報の収集・蓄積及び分析 を行う。 ウ これまで人間が手作業で行っていた定型業務を AI や機械学習などを取り入れ たソフトウェアのロボットが代行することによって自動化や効率化を図る。 エ見込み顧客の抽出 獲得 育成などの営業活動を効率化する。 ,
問2 情報システムに不正に侵入し、サービスを停止させて社会的混乱を生じさせるよう な行為に対して国全体で体系的に防御施策を講じるための基本理念を定め、国の 責務などを明らかにした法律はどれか。 ア 公益通報者保護法 イ サイバーセキュリティ基本法 ウ 不正アクセス禁止法 エプロバイダ責任制限法 - 2 - ,
問3 未来のある時点に目標を設定し そこを起点に現在を振り返り、 目標実現のために 現在すべきことを考える方法を表す用語として 最も適切なものはどれか。 ア PoC(Proof of Concept) イ ウバックキャスティング PoV (Proof of Value) I フォアキャスティング ,
問4 従来の金融情報システムは堅ろう性が高い一方柔軟性に欠け モバイル技術など の情報革新に追従したサービスの迅速な提供が難しかった。 これを踏まえて インタ ーネット関連技術の取込みやそれらを活用するベンチャー企業と組むなどして、 新た な価値や革新的なサービスを提供していく潮流を表す用語として 最も適切なものは どれか。 ,
問5 アオムニチャネル イ フィンテック ウブロックチェーン エ ワントゥワンマーケティング ベンチャーキャピタルに関する記述として 最も適切なものはどれか。 ア 新しい技術の獲得や 規模の経済性の追求などを目的に、他の企業と共同出資会 社を設立する手法 イ株式売却による利益獲得などを目的に、 新しい製品やサービスを武器に市場に参 入しようとする企業に対して出資などを行う企業 ウ 新サービスや技術革新などの創出を目的に、国や学術機関 他の企業など外部の 組織と共創関係を結び 積極的に技術や資源を交換し、自社に取り込む手法 エ特定された課題の解決を目的に、一定の期間を定めて企業内に立ち上げられ構 成員を関連部門から招集し、目的が達成された時点で解散する組織 3 ,
問6 技術戦略の策定や技術開発の推進といった技術経営に直接の責任をもつ役職はどれか。 ア CEO イ CFO ウ COO I CTO ,
問7 システム開発の上流工程において、業務プロセスのモデリングを行う目的として 最も適切なものはどれか。 ア業務プロセスで取り扱う大量のデータを 統計的手法や AI 手法などを用いて分 析しデータ間の相関関係や隠れたパターンなどを見いだすため イ業務プロセスを可視化することによって 適切なシステム設計のベースとなる 情報を整備し 関係者間で解釈を共有できるようにするため ウ 個々の従業員がもっている業務に関する知識・経験やノウハウを社内全体で共 有し 創造的なアイディアを生み出すため I プロジェクトに必要な要員を調達し チームとして組織化してプロジェクト の目的の達成に向けて一致団結させるため - 4 · ,
問8 表は A 社の期末の損益計算書から抜粋した資料である。 当期純利益が800百万円で あるとき 販売費及び一般管理費は何百万円か。 単位 百万円 売上高 8000 売上原価 6000 販売費及び一般管理費 營業外收益 150 営業外費用 50 特別利益 60 特別損失 法人税等 10 350 ア 850 イ 900 ウ 1000 H I 1200 ,
問9 企業の戦略立案やマーケティングなどで使用されるフェルミ推定に関する記述とし て最も適切なものはどれか。 ア 正確に算出することが極めて難しい数量に対して 把握している情報と論理的な 思考プロセスによって概数を求める手法である。 イ 特定の集団と活動を共にしたり 人々の動きを観察したりすることによって 慣 し 習や嗜好地域や組織を取り巻く文化を類推する手法である。 ウ入力データと出力データから、その因果関係を統計的に推定する手法である。 エ有識者のグループに繰り返し同一のアンケート調査とその結果のフィードバック を行うことによって、 ある分野の将来予測に関する総意を得る手法である。 LO 5 I --- ,
問10 不正競争防止法で規定されている限定提供データに関する記述として、最も適切な ものはどれか。 ア 特定の第三者に対し 1回に限定して提供する前提で保管されている技術上又は 営業上の情報は限定提供データである。 イ 特定の第三者に提供する情報として電磁的方法によって相当量蓄積され管理され ている技術上又は営業上の情報 (秘密として管理されているものを除く) は限定提 供データである。 ウ 特定の第三者に提供するために 金庫などで物理的に管理されている技術上又は 営業上の情報は限定提供データである。 エ 不正競争防止法に定めのある営業秘密は限定提供データである。 ,
問11 品質に関する組織やプロセスの運営管理を標準化し マネジメントの質や効率の向 上を目的とした方策として 適切なものはどれか。 ア ISMSの導入 ウ ITIL の導入 T 6 イ ISO 9001の導入 エ プライバシーマークの取得 ,
問12 AI に関するガイドラインの一つである“人間中心の AI 社会原則” に定められてい る七つの “AI 社会原則” のうち “イノベーションの原則” に関する記述として、 最 も適切なものはどれか。 ア AI の発展によって人も併せて進化するように 国際化や多様化を推進し 大学 研究機関 企業など 官民における連携と 柔軟な人材の移動を促進する。 イ AIの利用がもたらす結果については問題の特性に応じて AI の開発提供 利用に携わった関係者が分担して責任を負う。 ウサービスの提供者は AIを利用している事実やデータの取得方法や使用方法 結果の適切性について、 利用者に対する適切な説明を行う。 エ 情報弱者を生み出さないために 幼児教育や初等中等教育において AI 活用や 情報リテラシーに関する教育を行う。 ,
問13 金融機関では同一の顧客で複数の口座をもつ個人や法人について 氏名又は法人 名生年月日又は設立年月日電話番号住所又は所在地などを手掛かりに集約し 顧客ごとの預金の総額を正確に把握する作業が行われる。 このように顧客がもつ複数 の口座を、顧客ごとに取りまとめて一元管理する手続を表す用語として 最も適切な ものはどれか。 ア アカウントアグリゲーション ウ垂直統合 イキーマッピング エ 名寄せ ,
問14 ある商品の販売量と気温の関係が一次式で近似できるとき予測した気温から商品 の販売量を推定する手法として、 適切なものはどれか。 ア 回帰分析 イ 線形計画法 ウ デルファイ法 エパレート分析 7 — ,
問15 必要な時期に必要な量の原材料や部品を調達することによって工程間の在庫をで きるだけもたないようにする生産方式はどれか。 ア BPO イ CIM ウ JIT I OEM ,
問16 RPA が適用できる業務として 最も適切なものはどれか。 アゲームソフトのベンダーが ゲームソフトのプログラムを自動で改善する業務 イ従業員の交通費精算で、交通機関利用区間情報と領収書データから精算伝票を作 成する業務 ウ食品加工工場で 産業用ロボットを用いて冷凍食品を自動で製造する業務 エ通信販売業で 膨大な顧客の購買データから顧客の購買行動に関する新たな法則 を見つける業務 ,
問17 技術開発戦略において作成されるロードマップを説明しているものはどれか。 ア 技術の競争力レベルと技術のライフサイクルを2軸としたマトリックス上に自 社の技術や新しい技術をプロットする。 イ研究開発への投資とその成果を2軸とした座標上に 技術の成長過程をグラフ化 し 旧技術から新技術への転換状況を表す。 ウ市場面からの有望度と技術面からの有望度を2軸としたマトリックス上に 技術 開発プロジェクトをプロットする。 エ 横軸に時間 縦軸に市場 商品 技術などを示し研究開発成果の商品化 事業 化の方向性をそれらの要素間の関係で表す。 I 00 I ,
問18 コーポレートガバナンスを強化した事例として 最も適切なものはどれか。 ア 女性が活躍しやすくするために労務制度を拡充した。 イ 迅速な事業展開のために 他社の事業を買収した。 ウ独立性の高い社外取締役の人数を増やした。 I 利益が得られにくい事業から撤退した。 ,
問19 ある銀行ではシステムの接続仕様を外部に公開し、 あらかじめ契約を結んだ外部 事業者のアクセスを認めることによって 利便性の高い 高度なサービスを展開しや すくしている。 このような取組を表す用語として 最も適切なものはどれか。 ア BPO ウオープン API イ RPA エ 技術経営 ,
問20 A 社では 1千万円を投資して営業支援システムを再構築することを検討している。 現状の営業支援システムの運用費が5百万円/年、再構築後の営業支援システムの運 用費が4百万円/年、 再構築による新たな利益の増加が2百万円/年であるとき、この 投資の回収期間は何年か。 ここでこれら以外の効果 費用などは考慮しないものと し 計算結果は小数点以下第2位を四捨五入するものとする。 ア 2.5 イ 3.3 ウ 5.0 --- H 10.0 ,
問21 あるソフトウェアは 定額の料金や一定の期間での利用ができる形態で提供されて いる。この利用形態を表す用語として 適切なものはどれか。 ア アクティベーション イ アドウェア ウサブスクリプション エボリュームライセンス ,
問22 インターネットを介して個人や企業が保有する住宅などの遊休資産の貸出しを仲介 するサービスや仕組みを表す用語として 最も適切なものはどれか。 アシェアードサービス イ シェアウェア ウシェアリングエコノミー エ ワークシェアリング ,
問23 A 社は RPA ソフトウェアを初めて導入するに当たり 計画策定フェーズ 先行導入 フェーズ 本格導入フェーズの3段階で進めようと考えている。 次のうち 計画策定 フェーズで実施する作業として 適切なものだけを全て挙げたものはどれか。 a RPAソフトウェアの適用可能性を見極めるための概念検証を実施する。 b RPA ソフトウェアを全社展開するための導入と運用の手順書を作成する。 c 部門業務を絞り込んで RPAソフトウェアを導入し 効果を実測する。 ア a イ a c ウ b I b c 10 - ,
問24 式は定期発注方式で原料の発注量を求める計算式である。 a~c に入れる字句の適 切な組合せはどれか。 発注量=( a +調達期間) × 毎日の使用予定量 + b — 現在の在庫量 — a b C ア 営業日数 安全在庫量 イ 営業日数 ウ 発注間隔 現在の発注残 安全在庫量 現在の発注残 安全在庫量 I 発注間隔 現在の発注残 現在の発注残 安全在庫量 ,
問25 史跡などにスマートフォンを向けると 昔あった建物の画像や説明情報を現実の 風景と重ねるように表示して観光案内をできるようにした。 ここで活用した仕組 みを表す用語として最も適切なものはどれか。 ア AR イ GUI ウ VR H メタバース ,
問26 データサイエンティストの役割に関する記述として 最も適切なものはどれか。 ア 機械学習や統計などの手法を用いてビッグデータを解析することによって ビジ ネスに活用するための新たな知見を獲得する。 イ企業が保有する膨大なデータを高速に検索できるように パフォーマンスの高い データベースを運用するためのシステム基盤を構築する。 ウ企業における情報システムに関するリスクを評価するために 現場でのデータの 取扱いや管理についての実態を調査する。 エ企業や組織における安全な情報システムの企画、設計、開発、運用を サイバー セキュリティに関する専門的な知識や技能を活用して支援する。 — 11 - ,
問27 個人情報保護法では、あらかじめ本人の同意を得ていなくても個人データの提供が 許される行為を規定している。 この行為に該当するものだけを 全て挙げたものはど れか。 a 事故で意識不明の人がもっていた本人の社員証を見て、搬送先の病院が本人の 会社に電話してきたので 総務の担当者が本人の自宅電話番号を教えた。 b 新規加入者を勧誘したいと保険会社の従業員に頼まれたので総務の担当者が 新入社員の名前と所属部門のリストを渡した。 c 不正送金等の金融犯罪被害者に関する個人情報を類似犯罪の防止対策を進め る捜査機関からの法令に基づく要請に応じて総務の担当者が提供した。 ア a イ a c ウ b c bc I C ,
問28 次の事例のうち AI を導入することによって業務の作業効率が向上したものだけ を全て挙げたものはどれか。 a食品専門商社のA社が 取引先ごとに様式が異なる手書きの請求書に記載され た文字を自動で読み取ってデータ化することによって 事務作業時間を削減した。 b 繊維製造会社のB社が原材料を取引先に発注する定型的なPCの操作を自動化 するツールを導入し、 事務部門の人員を削減した。 c 損害保険会社のC社が自社のコールセンターへの問合せに対して オペレー ターにつなげる前に音声チャットボットでヒアリングを行うことによってペ レーターの対応時間を短縮した。 d 物流会社のD社が 配送荷物に電子タグを装着して出荷時に配送先を電子タグ に書き込み、配送時にそれを確認することによって誤配送を削減した。 ア ac 1 b c ウ bd I c d - - 12 - ,
問29 ある企業が 顧客を引き付ける優れた UX (User Experience) やビジネスモデルを デジタル技術によって創出し 業界における従来のサービスを駆逐してしまうことに よってその業界の既存の構造が破壊されるような現象を表す用語として 最も適切 なものはどれか。 ア デジタルサイネージ イデジタルディスラプション ウデジタルディバイド エデジタルトランスフォーメーション ,
問30 上司から自社の当期の損益計算書を渡され “我が社の収益性分析をしなさい” と 言われた。 経営に関する指標のうちこの損益計算書だけから計算できるものだけを 全て挙げたものはどれか。 a 売上高増加率 b 売上高利益率 c 自己資本利益率 ア a イ 1 a b ウa bc I b ,
問31 顧客との個々のつながりを意識して情報を頻繁に更新する SNSなどのシステムとは 異なり 会計システムのように高い信頼性と安定稼働が要求される社内情報を扱うシ ステムの概念を示す用語として 最も適切なものはどれか。 ア IoT (Internet of Things) イ PoC(Proof of Concept) ウ SOE (Systems of Engagement) I SOR (Systems of Record) - 13 — - ,
問32 労働者派遣における派遣労働者の雇用関係に関する記述のうち 適切なものはどれ か。 ア派遣先との間に雇用関係があり 派遣元との間には存在しない。 イ派遣元との間に雇用関係があり 派遣先との間には存在しない。 ウ派遣元と派遣先のいずれの間にも雇用関係が存在する。 エ派遣元と派遣先のいずれの間にも雇用関係は存在しない。 ,
問33 次の記述のうち 業務要件定義が曖昧なことが原因で起こり得る問題だけを全て挙 げたものはどれか。 a 企画プロセスでシステム化構想がまとまらず システム化の承認を得られない。 b コーディングのミスによって システムが意図したものと違う動作をする。 c システムの開発中に仕様変更による手戻りが頻発する。 d システムを受け入れるための適切な受入れテストを設計できない。 ア a b イ b c ウ b d I c d ,
問34 顧客の特徴に応じたきめ細かい対応を行うことによって 顧客と長期的に良好な関 係を築き 顧客満足度の向上や取引関係の継続につなげる仕組みを構築したい。 その 仕組みの構成要素の一つとして、営業活動で入手した顧客に関する属性情報や顧客と の交渉履歴などを蓄積し、 社内で共有できるシステムを導入することにした。 この目 的を達成できるシステムとして最も適切なものはどれか。 ア CAE システム イ MRP システム ウ SCM システム - 14 ― I SFAシステム ,
問35 実用新案に関する記述として 最も適切なものはどれか。 ア今までにない製造方法は実用新案の対象となる。 イ 自然法則を利用した技術的思想の創作で高度なものだけが、 実用新案の対象とな る。 ウ 新規性の審査に合格したものだけが実用新案として登録される。 エ複数の物品を組み合わせて考案した新たな製品は実用新案の対象となる。 - T 15 ,
問36から問55までは マネジメント系の問題です。 ,
問36 プロジェクトに該当する事例として適切なものだけを全て挙げたものはどれか。 a 会社合併に伴う新組織への移行 b 社内システムの問合せや不具合を受け付けるサービスデスクの運用 c 新規の経理システム導入に向けたプログラム開発 d毎年度末に実施する会計処理 ア ac 1 b c ウ bd I c ,
問37 システム開発プロジェクトを終結する時に、プロジェクト統合マネジメントで実施 する活動として 最も適切なものはどれか。 ア工程の進捗の予定と実績の差異を分析する。 イ 作成した全ての成果物の一覧を確認する。 ウ総費用の予算と実績の差異を分析する。 エ知識や教訓を組織の資産として登録する。 ,
問38 あるシステムの運用において利用者との間で SLA を交わし、 利用可能日を月曜日 から金曜日 1日の利用可能時間を7時から22時まで 稼働率を98%以上で合意し た。1週間の運用において 障害などでシステムの停止を許容できる時間は最大何時 間か。 ア 0.3 イ 1.5 ウ 1.8 I 2.1 | 16 ― ,
問39 サービスデスクを評価するためには適切な KPI を定めて評価する必要がある。 顧客 満足度を高めるために値が小さい方が良い KPI として 適切なものだけを全て挙げた ものはどれか。 a SLA で合意された目標時間内に対応が完了したインシデント件数の割合 b 1回の問合せで解決ができたインシデント件数の割合 C 二次担当へエスカレーションされたインシデント件数の割合 d 利用者がサービスデスクの担当者につながるまでに費やした時間 ア a b イa d ウ b c I c d ,
問40 アジャイル開発に関する記述として 最も適切なものはどれか。 ア 開発する機能を小さい単位に分割して、 優先度の高いものから短期間で開発とリ リースを繰り返す。 イ共通フレームを適用して要件定義、設計などの工程名及び作成する文書を定義す る。 ウシステム開発を上流工程から下流工程まで順番に進めて、 全ての開発工程が終了 してからリリースする。 I プロトタイプを作成して利用者に確認を求め、 利用者の評価とフィードバックを 行いながら開発を進めていく。 — 17 - ,
問41 あるプロジェクトの作業間の関係と所要時間がアローダイアグラムで示されている。 このアローダイアグラムのBからEの四つの結合点のうち 工程全体の完了時間に影 響を与えることなく その結合点から始まる全ての作業の開始を最も遅らせることが できるものはどれか。 ここで 各結合点から始まる作業はその結合点に至る作業が全 て完了するまで開始できず 作業から次の作業への段取り時間は考えないものとする。 B D 10 15 20 A 10 F 25 10 C E 15 15 [凡例] 所要時間 ア B イ C ウ D I E ,
問42 システム監査人の役割として、 適切なものだけを全て挙げたものはどれか。 a 監査手続の種類 実施時期 適用範囲などについて 監査計画を立案する。 b 監査の目的に応じた監査報告書を作成し 社内に公開する。 c 監査報告書にある改善提案に基づく改善の実施を監査対象部門に指示する。 d 監査報告書にある改善提案に基づく改善の実施状況をモニタリングする。 ア a b イ a d ウ b c bc I c d 18- ,
問43 情報システムに関する施設や設備を維持保全するために行うリスク対策のうち ファシリティマネジメントの観点から行う対策として適切なものだけを全て挙げた ものはどれか。 a コンピュータ室への入室を、認可した者だけに限定する。 b コンピュータの設置場所を示す標識を掲示しない。 c 利用者の PC にマルウェア対策ソフトを導入する。 ア a 1 a b ウ a c I b c ,
問44 提供している IT システムが事業のニーズを満たせるように 人材 プロセス 情 報技術を適切に組み合わせ、継続的に改善して管理する活動として 最も適切なもの はどれか。 ア ITサービスマネジメント イ システム監査 ウ ヒューマンリソースマネジメント I ファシリティマネジメント ,
問45 本番稼働後の業務遂行のために 業務別にサービス利用方法の手順を示した文書と して、最も適切なものはどれか。 ア FAQ イ サービスレベル合意書 ウ システム要件定義書 I エ 利用者マニュアル 19 T -― ,
問46 ITサービスマネジメントの管理プロセスに関する記述 ac と用語の適切な組合せ はどれか。 IT サービスの変更を実装するためのプロセス b インシデントの根本原因を突き止めて解決策を提供するためのプロセス c 組織が所有している IT資産を把握するためのプロセス b ア 構成管理 問題管理 リリース及び展開管理 イ 構成管理 ウ 問題管理 H リリース及び展開管理 リリース及び展開管理 リリース及び展開管理 問題管理 問題管理 構成管理 構成管理 ,
問47 ソフトウェアの開発における DevOps に関する記述として 最も適切なものはどれ か。 ア 開発側が重要な機能のプロトタイプを作成し 顧客とともにその性能を実測して 妥当性を評価する。 イ開発側では開発の各工程でその工程の完了を判断した上で次工程に進み 総合 テストで利用者が参加して操作性の確認を実施した後に運用側に引き渡す。 ウ 開発側と運用側が密接に連携し自動化ツールなどを活用して機能の導入や更新 などを迅速に進める。 エシステム開発において 機能の拡張を図るために 固定された短期間のサイクル を繰り返しながらプログラムを順次追加する。 - 20 — ,
問48 システム監査で用いる判断尺度の選定方法に関する記述として 最も適切なものは どれか。 アシステム監査ではシステム管理基準の全項目をそのまま使用しなければならない。 イ システム監査のテーマに応じて システム管理基準以外の基準を使用してもよい。 ウシステム監査のテーマによらず システム管理基準以外の基準は使用すべきでな い。 エ アジャイル開発では システム管理基準は使用すべきでない。 ,
問49 ソフトウェア開発プロジェクトにおける コストの見積手法には 積み上げ法 フ ァンクションポイント法 類推見積法などがある。 見積りで使用した手法とその特徴 に関する記述 ac の適切な組合せはどれか。 a プロジェクトに必要な個々の作業を洗い出し その作業ごとの工数を見積もっ て集計する。 b プロジェクトの初期段階で使用する手法で、 過去の事例を活用してコストを見 積もる。 c データ入出力や機能に着目して ソフトウェア規模を見積もり 係数を乗ずる ア などしてコストを見積もる。 積み上げ法 ファンクションポイント法 類推見積法 b イ b ウ H a a C b C b a I 21 [ ,
問50 ソフトウェア製品の品質特性を移植性 機能適合性互換性使用性信頼性 性能効率性 セキュリティ 保守性に分類したとき RPA ソフトウェアの使用性に関 する記述として 最も適切なものはどれか。 ア RPA が稼働するPCのOSが変わっても動作する。 イ RPA で指定した時間及び条件に基づき、適切に自動処理が実行される。 ウ RPA で操作対象となるアプリケーションソフトウェアがバージョンアップされて も、簡単な設定変更で対応できる。 I RPA を利用したことがない人でも簡単な教育だけで利用可能になる。 ,
問51 システム開発プロジェクトにおいて テスト中に発見された不具合の再発防止のた めに不具合分析を行うことにした。 テスト結果及び不具合の内容を表に記入し 不具 合ごとに根本原因を突き止めた後に 根本原因ごとに集計を行い発生頻度の多い順に 並べ主要な根本原因の特定を行った。 ここで利用した図表のうち 根本原因を集計 し発生頻度順に並べて棒グラフで示し 累積値を折れ線グラフで重ねて示したもの はどれか。 ア 散布図 イ チェックシート ウ 特性要因図 エパレート図 - 22 - ,
問52 システム開発プロジェクトにおいて 新機能の追加要求が変更管理委員会で認可さ れた後にプロジェクトスコープマネジメントで実施する活動として、 適切なものはど れか。 ア 新機能を追加で開発するために WBS を変更し コストの詳細な見積りをするため の情報として提供する。 イ 新機能を追加で開発するための WBS のアクティビティの実行に必要なスキルを確 認し、必要に応じてプロジェクトチームの能力向上を図る。 ウ変更された WBS に基づいてスケジュールを作成し完了時期の見通しを提示する。 エ 変更された WBS に基づいて要員の充足度を確認し、 必要な場合は作業の外注を検 討する。 ,
問53 IT ガバナンスに関する次の記述中の a に入れる字句として最も適切なものはど れか。 経営者は a の事業の目的を支援する観点で 効果的 効率的かつ受容可能 な a の ITの利用について評価する。 ア 過去と現在 イ 現在 ウ 現在と将来 エ 将来 ,
問54 事業活動に関わる法令の遵守などを目的の一つとして、統制環境 リスクの評価と 対応統制活動 情報と伝達 モニタリング IT への対応から構成される取組はど れか。 ア CMMI イ ITIL 内部統制 I リスク管理 — 23 - ,
問55 システム監査の目的に関する記述として、 適切なものはどれか。 ア開発すべきシステムの具体的な用途を分析し システム要件を明らかにすること イ情報システムが設置されている施設とその環境を総合的に企画管理活用する こと ウ情報システムに係るリスクに適切に対応しているかどうかを評価することによっ て組織体の目標達成に寄与すること エ 知識 スキル ツール及び技法をプロジェクト活動に適用することによってプ ロジェクトの要求事項を満足させること 24 — ,
問56から問100まではテクノロジ系の問題です。 ,
問56 PC において 電力供給を断つと記憶内容が失われるメモリ又は記憶媒体はどれか。 ア DVD-RAM ウ ROM イ DRAM エ フラッシュメモリ ,
問57 暗号化方式の特徴について記した表において 表中の a〜d に入れる字句の適切な 組合せはどれか。 暗号化/復号の 暗号方式 鍵の特徴 鍵の安全な配布 相対的な処理速度 a 暗号化鍵と復号鍵が異なる 容易 C b 暗号化鍵と復号鍵が同一 難しい d a b d ア 共通鍵暗号方式 公開鍵暗号方式 遅い速い イ 共通鍵暗号方式 公開鍵暗号方式 速い 遅い ウ 公開鍵暗号方式 共通鍵暗号方式 遅い 速い I 公開鍵暗号方式 共通鍵暗号方式 速い 遅い ,
問58 文書作成ソフトや表計算ソフトなどにおいて 一連の操作手順をあらかじめ定義し ておき実行する機能はどれか。 ア オートコンプリート ウ プラグアンドプレイ — 25 イ ソースコード H マクロ ,
問59 OCR の役割として 適切なものはどれか。 ア 10cm程度の近距離にある機器間で無線通信する。 イ印刷文字や手書き文字を認識し テキストデータに変換する。 ウデジタル信号処理によって 人工的に音声を作り出す。 エ利用者の指先などが触れたパネル上の位置を検出する。 ,
問60 関係データベースを構成する要素の関係を表す図において図中のa〜cに入れる 字句の適切な組合せはどれか。 a の集まり 関係データベース 表表 ア イ ウ H a フィールド レコード b の集まり 項目1 項目2 項目3 . b C フィールド レコード レコード フィールド 表 表 レコード フィールド 26 C の集まり ,
問61 cookie を説明したものはどれか。 ア Web サイトが Web ブラウザを通じて訪問者の PC にデータを書き込んで保存する 仕組み又は保存されるデータのこと イ Web ブラウザがアクセスした Web ページをファイルとして PC のハードディス クに一時的に保存する仕組み又は保存されるファイルのこと ウ Web ページ上で Web サイトの紹介などを目的に掲載されている画像のこと I ブログの機能の一つで、リンクを張った相手に対してその旨を通知する仕組みの こと 27 - ,
問62 関数 convert は 整数型の配列を一定のルールで文字列に変換するプログラムであ る。 関数 convert を convert(array Input) として呼び出したときの戻り値が “AABAB” になる引数 array Input の値はどれか。 ここで array Input の要素数は1以 上とし 配列の要素番号は1から始まる。 [プログラム] ○文字列型: convert (整数型の配列: array Input) ララララ 文字列型: stringOutput ← // 空文字列を格納 整数型: i for (i を 1 から array Input の要素数 まで 1 ずつ増やす ) if (arrayInput[i] が 1 と等しい) stringOutput の末尾に "A" を追加する else stringOutput の末尾に "B" を追加する endif end for return stringOutput ア {0 0 1 2 1} イ {0 1 2 1 1} ウ {1 0 1 2 0} エ{1 1 2 1 0} ,
問63 SSD の全てのデータを消去し 復元できなくする方法として用いられているものは どれか。 ア Secure Erase イ磁気消去 ウ セキュアブート H データクレンジング 28 ― ,
問64 情報セキュリティのリスクマネジメントにおけるリスクへの対応を リスク共有 リスク回避リスク保有及びリスク低減の四つに分類するときリスク共有の例とし て適切なものはどれか。 ア災害によるシステムの停止時間を短くするために 遠隔地にバックアップセンタ ーを設置する。 イ情報漏えいによって発生する損害賠償や事故処理の損失補填のために サイバー 保険に加入する。 ウ 電子メールによる機密ファイルの流出を防ぐために ファイルを添付した電子メ ールの送信には上司の許可を必要とする仕組みにする。 エ ノートPCの紛失や盗難による情報漏えいを防ぐために HDD を暗号化する。 ,
問65 AIにおける機械学習の学習方法に関する次の記述中の ac に入れる字句の適切な 組合せはどれか。 教師あり学習は正解を付けた学習データを入力することによって ばれる手法で未知のデータを複数のクラスに分けたり データの関係性を見つけたりすることができるようになる学習方法である。 教師な a と呼 b と呼ばれる手法で し学習は正解を付けない学習データを入力することによって C る手法などで次第にデータを正しくグループ分けできるようになる学習方法である。 と呼ばれ a b C ア 回帰 分類 クラスタリング イ ウ クラスタリング 分類 回帰 H 分類 分類 回帰 クラスタリング クラスタリング 回帰 - 29 - ,
問66 PKI における CA (Certificate Authority) の役割に関する記述として適切なも のはどれか。 アインターネットと内部ネットワークの間にあって 内部ネットワーク上のコンピ イ ュータに代わってインターネットにアクセスする。 インターネットと内部ネットワークの間にあって パケットフィルタリング機能 などを用いてインターネットから内部ネットワークへの不正アクセスを防ぐ。 ウ 利用者に指定されたドメイン名を基に IP アドレスとドメイン名の対応付けを行 I い、利用者を目的のサーバにアクセスさせる。 エ 利用者の公開鍵に対する公開鍵証明書の発行や失効を行い 鍵の正当性を保証す る。 ,
問67 図に示す2台の Web サーバと1台のデータベースサーバから成る Webシステムがある。 Web サーバの稼働率はともに0.8とし データベースサーバの稼働率は0.9とすると このシステムの小数第3位を四捨五入した稼働率は幾らか。 ここで 2台の Web サーバ のうち少なくとも1台が稼働していてかつ データベースサーバが稼働していれば システムとしては稼働しているとみなす。 また それぞれのサーバはランダムに故障 が起こるものとする。 Web サーバ データベース サーバ Web サーバ ア 0.04 イ 0.58 ウ 0.86 I 0.96 - 30 ,
問68 情報デザインで用いられる概念であり 部屋のドアノブの形で開閉の仕方を示唆す るというような 人間の適切な行動を誘発する知覚可能な手掛かりのことを何と呼ぶ か。 NUI (Natural User Interface) ウシグニファイア イウィザード エ マルチタッチ ,
問69 障害に備えるために 4台のHDD を使い 1台分の容量をパリティ情報の記録に使用 する RAID5を構成する。 1台のHDDの容量が1Tバイトのとき 実効データ容量はおよ そ何バイトか。 ア 2T イ 3T ウ 4T I 5T ,
問70 ESSID をステルス化することによって得られる効果として適切なものはどれか。 ア アクセスポイントと端末間の通信を暗号化できる。 イアクセスポイントに接続してくる端末を認証できる。 ウ アクセスポイントへの不正接続リスクを低減できる。 アクセスポイントを介さず 端末同士で直接通信できる。 ,
問71 インターネットで使用されているドメイン名の説明として 適切なものはどれか。 ア Web 閲覧や電子メールを送受信するアプリケーションが使用する通信規約の名前 イ コンピュータやネットワークなどを識別するための名前 ウ通信を行うアプリケーションを識別するための名前 エ 電子メールの宛先として指定する相手の名前 I — 31 - ,
問72 次の記述のうち バイオメトリクス認証の例だけを全て挙げたものはどれか。 ゆが a Web ページに歪んだ文字の列から成る画像を表示し 読み取った文字列を利用 者に入力させることによって 認証を行う。 b キーボードで特定文字列を入力させそのときの打鍵の速度やタイミングの変 化によって 認証を行う。 c タッチパネルに手書きで氏名を入力させそのときの筆跡 筆圧運筆速度な どによって 認証を行う。 d タッチパネルに表示された複数の点をあらかじめ決められた順になぞらせるこ とによって 認証を行う。 ア a b イa d b c I c d ,
問73 IoT機器のセキュリティ対策のうち ソーシャルエンジニアリング対策として最 も適切なものはどれか。 ア IoT 機器とサーバとの通信は 盗聴を防止するために常に暗号化通信で行う。 イ ぜい IoT 機器の脆弱性を突いた攻撃を防止するために 機器のメーカーから最新のフ ァームウェアを入手してアップデートを行う。 ウ IoT 機器へのマルウェア感染を防止するためにマルウェア対策ソフトを導入する。 I IoT 機器を廃棄するときは 内蔵されている記憶装置からの情報漏えいを防止す るために物理的に破壊する。 — 32 - ,
問74 トランザクション処理に関する記述のうち 適切なものはどれか。 ア コミットとは トランザクションが正常に処理されなかったときに データベー スをトランザクション開始前の状態に戻すことである。 イ排他制御とは トランザクションが正常に処理されたときに データベースの内 ウ 容を確定させることである。 ロールバックとは、複数のトランザクションが同時に同一データを更新しようと したときに データの矛盾が起きないようにすることである。 I ログとは データベースの更新履歴を記録したファイルのことである。 ,
問75 情報セキュリティの3要素である機密性 完全性及び可用性とそれらを確保する ための対策の例 a〜c の適切な組合せはどれか。 アクセス制御 b デジタル署名 C ディスクの二重化 b ア 可用性 完全性 機密性 イ 可用性 機密性完全性 ウ 完全性 機密性 可用性 I 機密性完全性 可用性 ,
問76 スマートフォンなどのタッチパネルで広く採用されている方式であり、指がタッチ パネルの表面に近づいたときにその位置を検出する方式はどれか。 ア 感圧式 イ光学式 ウ静電容量方式 エ電磁誘導方式 - 33 ,
問77 出所が不明のプログラムファイルの使用を避けるために その発行元を調べたい。 このときに確認する情報として 適切なものはどれか。 ア そのプログラムファイルのアクセス権 イ そのプログラムファイルの所有者情報 ウそのプログラムファイルのデジタル署名 I そのプログラムファイルのハッシュ値 ,
問78 利用者がスマートスピーカーに向けて話し掛けた内容に対して スマートスピーカ ーから音声で応答するための処理手順が (1) (4)のとおりであるとき 音声認識 に該当する処理はどれか。 ~ (1) 利用者の音声をテキストデータに変換する。 (2) テキストデータを解析して その意味を理解する。 (3) 応答する内容を決定して テキストデータを生成する。 (4) 生成したテキストデータを読み上げる。 ア (1) イ (2) ウ (3) -- 34 — H (4) ,
問79 企業などの内部ネットワークとインターネットとの間にあって セキュリティを確 保するために内部ネットワークの PC に代わって インターネット上の Web サーバに アクセスするものはどれか。 ア DNS サーバ イ NTP サーバ ウ ストリーミングサーバ I プロキシサーバ ,
問80 OSS (Open Source Software) に関する記述として 適切なものだけを全て挙げた ものはどれか。 OSS を利用して作成したソフトウェアを販売することができる。 b ソースコードが公開されたソフトウェアは全てOSS である。 c 著作権が放棄されているソフトウェアである。 ア a 1 a b b c I C - 35 ,
問81 一つの表で管理されていた受注データを、受注に関する情報と商品に関する情報に 分割して 正規化を行った上で関係データベースの表で管理する。 正規化を行った結 果の表の組合せとして 最も適切なものはどれか。 ここで同一商品で単価が異なる ときは商品番号も異なるものとする。 また 発注者名には同姓同名はいないものとす る。 ア 受注データ 受注番号 発注者名 商品番号 商品名 個数 単価 T0001 試験花子 M0001 商品1 5 3000 T0002 情報太郎 M0002 商品2 3 4000 T0003 高度秋子 M0001 商品1 2 3000 受注番号 発注者名 商品番号 商品名 個数 単価 イ 受注番号 発注者名 商品番号 商品番号 商品名 個数 単価 ウ 受注番号 発注者名 商品番号 個数 単価 商品番号 商品名 H 受注番号 発注者名 商品番号 個数 商品番号 商品名 単価 36 - ,
問82 ISMS クラウドセキュリティ認証に関する記述として、 適切なものはどれか。 ア一度認証するだけで 複数のクラウドサービスやシステムなどを利用できるよう イ にする認証の仕組み クラウドサービスについて クラウドサービス固有の管理策が実施されているこ とを認証する制度 ウ 個人情報について適切な保護措置を講ずる体制を整備しているクラウド事業者な どを評価して 事業活動に関してプライバシーマークの使用を認める制度 エ 利用者がクラウドサービスへログインするときの環境 IP アドレスなどに基づ いて状況を分析し リスクが高いと判断された場合に追加の認証を行う仕組み ,
問83 1から6までの六つの目をもつサイコロを3回投げたとき 1回も1の目が出ない確率 は幾らか。 1 LO 5 91 ア イ ウ 216 72 216 H 125 216 ,
問84 IoT エリアネットワークでも利用され IoT デバイスからの無線通信をほかの IoT デバイスが中継することを繰り返し リレー方式で通信をすることによって 広範囲 の通信を実現する技術はどれか。 ア GPS イ MIMO ウ キャリアアグリゲーション I エ マルチホップ - 37 - ,
問85 関数 binary ToInteger は 1桁以上の符号なし2進数を文字列で表した値を引数 binaryStr で受け取り、その値を整数に変換した結果を戻り値とする。 例えば 引数 として“100”を受け取ると4を返す。 プログラム中の a b に入れる字句の適切な 組合せはどれか。 [プログラム] ○整数型: binary ToInteger (文字列型: binaryStr) 整数型: integer Num digitNum exponent i integer Num←0 for (i を 1 から binaryStr の文字数まで 1ずつ増やす) digitNum ← binaryStr の末尾から番目の文字を整数型に変換した値 // 例: 文字 “1” であれば整数値に変換 exponent ← a integerNum← end for return integerNum b ア イ ウ H a (2乗) (2乗) — - 1 b integerNum X digitNum X exponent 1 integer Num + digitNum X exponent integer Num X digitNum X exponent 2の (1) 乗 2 の ( - 1) 乗 - integerNum + digitNum X exponent - 38 -- ,
問86 PDCA モデルに基づいて ISMS を運用している組織において C (Check) で実施する ことの例として 適切なものはどれか。 ア 業務内容の監査結果に基づいた是正処置として サーバの監視方法を変更する。 イ具体的な対策と目標を決めるために サーバ室内の情報資産を洗い出す。 ウサーバ管理者の業務内容を第三者が客観的に評価する。 エ 定められた運用手順に従ってサーバの動作を監視する。 ,
問87 通常の検索エンジンでは検索されず匿名性が高いので サイバー攻撃や違法商品の 取引などにも利用されることがありアクセスするには特殊なソフトウェアが必要に なることもあるインターネット上のコンテンツの総称を何と呼ぶか。 ア RSS イ SEO ウ クロスサイトスクリプティング エ ダークウェブ ,
問88 JavaScript に関する記述として 適切なものはどれか。 ア Web ブラウザ上に 動的な振る舞いなどを組み込むことができる。 イ Web ブラウザではなく Web サーバ上だけで動作する。 ウ実行するためには あらかじめコンパイルする必要がある。 エ名前のとおり Java のスクリプト版である。 - 39 - ,
問89 システムの利用者認証に関する記述のうち 適切なものはどれか。 ア 1回の認証で 複数のサーバやアプリケーションなどへのログインを実現する仕 組みをチャレンジレスポンス認証という。 イ指紋や声紋など 身体的な特徴を利用して本人認証を行う仕組みを シングルサ インオンという。 ウ情報システムが利用者の本人確認のために用いる 数字列から成る暗証番号の ことを PIN という。 ェ 特定の数字や文字の並びではなく 位置についての情報を覚えておき、 認証時に は画面に表示された表の中で 自分が覚えている位置に並んでいる数字や文字をパ スワードとして入力する方式を 多要素認証という。 ,
問90 セキュリティ対策として使用される WAF の説明として適切なものはどれか。 ぜい ア EC などの Web サイトにおいて Web アプリケーションソフトウェアの脆弱性を 突いた攻撃からの防御や 不審なアクセスのパターンを検知する仕組み イ インターネットなどの公共のネットワークを用いて 専用線のようなセキュアな 通信環境を実現する仕組み ウ情報システムにおいて 機密データを特定して監視することによって 機密デー タの紛失や外部への漏えいを防止する仕組み エファイアウォールを用いて インターネットと企業の内部ネットワークとの間に 緩衝領域を作る仕組み 40 - ,
問91 職場で不要になった PC を廃棄する場合の情報漏えい対策として 最も適切なもの はどれか。 ア OS が用意しているファイル削除の機能を使って PC 内のデータファイルを全て 削除する。 イ PC にインストールされているアプリケーションを、全てアンインストールする。 ウ PC に内蔵されている全ての記憶装置を論理フォーマットする。 I 専用ソフトなどを使って PCに内蔵されている全ての記憶装置の内容を消去す るために ランダムなデータを規定回数だけ上書きする。 ,
問92 インターネットに接続されているサーバが 1台でメール送受信機能と Web アクセ ス機能の両方を提供しているとき端末のアプリケーションプログラムがそのどちら の機能を利用するかをサーバに指定するために用いるものはどれか。 ア IP アドレス イ ドメイン ウポート番号 エホスト名 - 41 - ,
問93 関係データベースで管理している “従業員” 表から、氏名が '%葉_’に該当する従 業員を抽出した。 抽出された従業員は何名か。 ここで “%” は0文字以上の任意の文字列を表すものとする。 は任意の1文字を表し 從業員 従業員番号 氏名 S001 千葉翔 S002 葉山花子 S003 鈴木葉子 S004 佐藤乙葉 S005 秋葉彩葉 S006 稲葉小春 ア 1 イ 2 ウ 3 4 ,
問94 企業において情報セキュリティポリシー策定で行う作業のうち、 次の作業の実施順 序として、適切なものはどれか。 a 策定する責任者や担当者を決定する。 b 情報セキュリティ対策の基本方針を策定する。 c 保有する情報資産を洗い出し 分類する。 d リスクを分析する。 ア a- →b → c → d ウ b →a→ ↑ 0 イ a → b → d C エ b → a → d → T 42 - O ,
問95 AI の関連技術であるディープラーニングに用いられる技術として最も適切なも のはどれか。 アソーシャルネットワーク イ ニューラルネットワーク ウ フィージビリティスタディ エ フォールトトレラント ,
問96 A さんは次のように宛先を指定して電子メールを送信した。 この電子メールの受信 者に関する記述のうち 適切なものだけを全て挙げたものはどれか。 [宛先] To:B さんのメールアドレス Cc:Cさんのメールアドレス Bcc:D さんのメールアドレス Eさんのメールアドレス (1) CさんはDさんのメールアドレスを知ることができる。 (2) DさんはCさんのメールアドレスを知ることができる。 (3) EさんはDさんのメールアドレスを知ることができる。 ア (1) イ(1)(3) ウ (2) I (2) (3) T 43 ,
問97 次の OS のうち OSS (Open Source Software) として提供されるものだけを全て挙 げたものはどれか。 a Android b FreeBSD c iOS d Linux ア ab イ 1 a b d b. d I c d ,
問98 ランサムウェアに関する記述として 最も適切なものはどれか。 ア PC に外部から不正にログインするための侵入路をひそかに設置する。 イ PC のファイルを勝手に暗号化し 復号のためのキーを提供することなどを条件 に金銭を要求する。 ウ Web ブラウザを乗っ取り、 オンラインバンキングなどの通信に割り込んで不正送 金などを行う。 エ 自らネットワークを経由して感染を広げる機能をもち まん延していく。 ,
問99 GPS の電波を捕捉しにくいビルの谷間や狭い路地などでも位置を計測することがで きるように特定の地域の上空に比較的長く留まる軌道をとり GPS と併用すること によってより高い測位精度を実現するものはどれか。 ア アシスト GPS ウ 準天頂衛星 -- I イ ジャイロセンサー エ プローブカー 44 — ,
問100 正しい URL を指定してインターネット上の Web サイトへアクセスしようとした利 ぜい 用者が偽装された Web サイトに接続されてしまうようになった。 原因を調べたとこ ろ ドメイン名と IP アドレスの対応付けを管理するサーバに脆弱性があり攻撃者 によって ドメイン名と IP アドレスを対応付ける情報が書き換えられていた。 この サーバが受けた攻撃はどれか。 ア DDoS 攻撃 イ DNS キャッシュポイズニング ウソーシャルエンジニアリング ,
